#stamp,functions,vendors,deployments
2018-07-10,295,94,13230
2018-07-11,296,95,13376
2018-07-12,296,95,13508
2018-07-13,297,96,13463
2018-07-14,301,97,13631
2018-07-15,301,97,13702
2018-07-16,301,97,13804
2018-07-17,301,97,13955
2018-07-18,301,97,14106
2018-07-19,300,97,14254
2018-07-20,301,98,14463
2018-07-21,301,98,14541
2018-07-22,301,98,14644
2018-07-23,302,99,14759
2018-07-24,302,99,14944
2018-07-25,303,100,15099
2018-07-26,304,100,15275
2018-07-27,305,101,15445
2018-07-28,305,101,15512
2018-07-29,306,101,15583
2018-07-30,307,102,15721
2018-07-31,307,102,15858
2018-08-01,307,102,15988
2018-08-02,307,102,16124
2018-08-03,308,102,16240
2018-08-04,308,102,16338
2018-08-05,308,102,16417
2018-08-06,308,102,16546
2018-08-07,309,103,16751
2018-08-08,308,102,16874
2018-08-09,309,103,17042
2018-08-10,309,103,17178
2018-08-11,308,102,17258
2018-08-12,308,102,17333
2018-08-13,308,102,17441
2018-08-14,309,102,17559
2018-08-15,310,103,17668
2018-08-16,310,103,17808
2018-08-17,312,105,18364
2018-08-18,311,104,18614
2018-08-19,311,104,18729
2018-08-20,311,104,18862
2018-08-21,309,102,18997
2018-08-22,316,103,18537
2018-08-23,316,102,18671
2018-08-24,316,103,18787
2018-08-25,316,103,18865
2018-08-26,317,103,18928
2018-08-27,323,103,19047
2018-08-28,323,103,19152
2018-08-29,324,103,19277
2018-08-30,326,105,19509
2018-08-31,327,106,19636
2018-09-01,327,106,19728
2018-09-02,328,107,19806
2018-09-03,328,107,19899
2018-09-04,327,106,20059
2018-09-05,331,107,20207
2018-09-06,330,107,20374
2018-09-07,331,109,20544
2018-09-08,331,109,20624
2018-09-09,331,109,20693
2018-09-10,332,110,20833
2018-09-11,332,110,20942
2018-09-12,333,110,21071
2018-09-13,333,110,21220
2018-09-14,333,110,21356
2018-09-15,333,110,21584
2018-09-16,333,110,21682
2018-09-17,333,110,21773
2018-09-18,334,111,21949
2018-09-19,334,111,22099
2018-09-20,334,111,22275
2018-09-21,335,112,22657
2018-09-22,335,112,22737
2018-09-23,336,113,22832
2018-09-24,337,114,22966
2018-09-25,339,116,23118
2018-09-26,342,118,23236
2018-09-27,342,119,23344
2018-09-28,342,119,23469
2018-09-29,344,120,23551
2018-09-30,345,121,23624
2018-10-01,345,121,23745
2018-10-02,345,121,23857
2018-10-03,347,123,23995
2018-10-04,348,124,24244
2018-10-05,350,126,24432
2018-10-06,351,126,24644
2018-10-07,355,129,24757
2018-10-08,359,134,25049
2018-10-09,372,145,25254
2018-10-10,374,147,25455
2018-10-11,374,147,25641
2018-10-12,375,148,25833
2018-10-13,375,148,25954
2018-10-14,375,148,26141
2018-10-15,375,148,26322
2018-10-16,378,150,26572
2018-10-17,378,150,26766
2018-10-18,378,150,27028
2018-10-19,379,151,27246
2018-10-20,379,151,27434
2018-10-21,381,152,27608
2018-10-22,381,152,27820
2018-10-23,383,151,28067
2018-10-24,383,151,28461
2018-10-25,383,151,28912
2018-10-26,383,151,29342
2018-10-27,383,151,29659
2018-10-28,383,151,29854
2018-10-29,382,151,30055
2018-10-30,382,151,30348
2018-10-31,381,150,30607
2018-11-01,381,150,30807
2018-11-02,382,151,31022
2018-11-03,382,151,31141
2018-11-04,382,151,31243
2018-11-05,382,151,31395
2018-11-06,382,151,31552
2018-11-07,383,151,31814
2018-11-08,383,151,32021
2018-11-09,384,152,32198
2018-11-10,384,152,32328
2018-11-11,384,152,32429
2018-11-12,386,152,32568
2018-11-13,386,152,32735
2018-11-14,387,153,33046
2018-11-15,387,153,33215
2018-11-16,391,157,33367
2018-11-17,390,155,33425
2018-11-18,390,155,33527
2018-11-19,390,155,33659
2018-11-20,391,156,33904
2018-11-21,391,156,34050
2018-11-22,391,156,34186
2018-11-23,391,156,34306
2018-11-24,391,156,34415
2018-11-25,391,156,34509
2018-11-26,393,157,34710
2018-11-27,391,156,34936
2018-11-28,391,155,35128
2018-11-29,392,156,35344
2018-11-30,391,156,35514
2018-12-01,391,156,35629
2018-12-02,390,156,35729
2018-12-03,390,156,35871
2018-12-04,391,157,36017
2018-12-05,391,157,36169
2018-12-06,394,159,36369
2018-12-07,394,159,36485
2018-12-08,395,160,36656
2018-12-09,395,160,36745
2018-12-10,403,163,36881
2018-12-11,403,164,37034
2018-12-12,403,164,37188
2018-12-13,397,161,37359
2018-12-14,397,161,37582
2018-12-15,397,161,37782
2018-12-16,397,161,37866
2018-12-17,397,161,38007
2018-12-18,399,163,38176
2018-12-19,400,163,38334
2018-12-20,402,165,38490
2018-12-21,402,165,38631
2018-12-22,402,165,38741
2018-12-23,402,165,38848
2018-12-24,402,165,38973
2018-12-25,402,165,39093
2018-12-26,402,165,39229
2018-12-27,402,165,39367
2018-12-28,402,165,39535
2018-12-29,402,165,39634
2018-12-30,404,167,39751
2018-12-31,404,167,39870
2019-01-01,404,167,39929
2019-01-02,404,167,40048
2019-01-03,404,167,40216
2019-01-04,405,167,40388
2019-01-05,405,167,40526
2019-01-06,406,167,40649
2019-01-07,406,167,40808
2019-01-08,406,167,40989
2019-01-09,407,168,41285
2019-01-10,407,168,41523
2019-01-11,411,168,41831
2019-01-12,412,169,41981
2019-01-13,412,169,42081
2019-01-14,412,169,42212
2019-01-15,413,168,42349
2019-01-16,414,170,42492
2019-01-17,415,170,42675
2019-01-18,421,171,42862
2019-01-19,424,172,42993
2019-01-20,424,171,43112
2019-01-21,426,174,43254
2019-01-22,427,174,43409
2019-01-23,427,174,43599
2019-01-24,427,174,43847
2019-01-25,427,174,44064
2019-01-26,427,174,44171
2019-01-27,429,174,44296
2019-01-28,429,174,44436
2019-01-29,429,174,44590
2019-01-30,431,175,44747
2019-01-31,431,175,44925
2019-02-01,432,176,45057
2019-02-02,432,176,45139
2019-02-03,432,176,45262
2019-02-04,433,177,45369
2019-02-05,434,177,45518
2019-02-06,435,178,45653
2019-02-07,435,178,45836
2019-02-08,435,178,46013
2019-02-09,435,178,46135
2019-02-10,435,178,46267
2019-02-11,434,177,46408
2019-02-12,434,177,46552
2019-02-13,434,177,46745
2019-02-14,433,176,46893
2019-02-15,433,176,47086
2019-02-16,434,177,47164
2019-02-17,435,177,47285
2019-02-18,435,177,47433
2019-02-19,435,176,47597
2019-02-20,437,176,47775
2019-02-21,437,176,47912
2019-02-22,437,176,48113
2019-02-23,437,176,48208
2019-02-24,438,177,48331
2019-02-25,438,177,48465
2019-02-26,438,177,48630
2019-02-27,437,176,48787
2019-02-28,436,176,48899
2019-03-01,435,175,48962
2019-03-02,435,175,49059
2019-03-03,435,175,49164
2019-03-04,434,175,49314
2019-03-05,434,175,49491
2019-03-06,433,174,49601
2019-03-07,433,174,49767
2019-03-08,433,174,49908
2019-03-09,433,174,49983
2019-03-10,433,174,50084
2019-03-11,443,174,50222
2019-03-12,433,174,50250
2019-03-13,433,174,50442
2019-03-14,433,174,50593
2019-03-15,434,175,50740
2019-03-16,435,176,50884
2019-03-17,435,176,50983
2019-03-18,435,176,51130
2019-03-19,435,176,51282
2019-03-20,435,176,51596
2019-03-21,435,176,51777
2019-03-22,437,178,51960
2019-03-23,437,178,52069
2019-03-24,437,178,52172
2019-03-25,437,178,52329
2019-03-26,437,178,52508
2019-03-27,437,178,52653
2019-03-28,438,179,52809
2019-03-29,437,179,52930
2019-03-30,437,179,53042
2019-03-31,437,179,53124
2019-04-01,438,180,53266
2019-04-02,438,180,53374
2019-04-03,439,181,53502
2019-04-04,440,182,53701
2019-04-05,440,182,53842
2019-04-06,440,182,53936
2019-04-07,441,183,54029
2019-04-08,441,183,54145
2019-04-09,441,183,54279
2019-04-10,441,183,54402
2019-04-11,439,183,54390
2019-04-12,439,183,54529
2019-04-13,439,183,54623
2019-04-14,439,183,54700
2019-04-15,438,182,54810
2019-04-16,439,183,54950
2019-04-17,439,183,55119
2019-04-18,440,184,55246
2019-04-19,440,184,55370
2019-04-20,439,183,55455
2019-04-21,438,183,55388
2019-04-22,439,184,55506
2019-04-23,439,184,55660
2019-04-24,439,184,55836
2019-04-25,440,184,55957
2019-04-26,529,229,57814
2019-04-27,529,230,58049
2019-04-28,532,232,58041
2019-04-29,532,232,58251
2019-04-30,532,232,58440
2019-05-01,532,232,58574
